path,label
/home/ubuntu/disney_data/disney_sample/Cax_train315.jpg,baloo
/home/ubuntu/disney_data/disney_sample/Cax_train6104.jpg,toy_story
/home/ubuntu/disney_data/disney_sample/Cax_train4111.jpg,mickey
/home/ubuntu/disney_data/disney_sample/Cax_train6594.jpg,winnie
/home/ubuntu/disney_data/disney_sample/Cax_train6577.jpg,winnie
/home/ubuntu/disney_data/disney_sample/Cax_train6612.jpg,winnie
/home/ubuntu/disney_data/disney_sample/Cax_train2663.jpg,goofy
/home/ubuntu/disney_data/disney_sample/Cax_train6081.jpg,toy_story
/home/ubuntu/disney_data/disney_sample/Cax_train6144.jpg,toy_story
/home/ubuntu/disney_data/disney_sample/Cax_train2846.jpg,goofy
/home/ubuntu/disney_data/disney_sample/Cax_train4068.jpg,mickey
/home/ubuntu/disney_data/disney_sample/Cax_train6094.jpg,toy_story
/home/ubuntu/disney_data/disney_sample/Cax_train4162.jpg,mickey
/home/ubuntu/disney_data/disney_sample/Cax_train323.jpg,baloo
/home/ubuntu/disney_data/disney_sample/Cax_train332.jpg,baloo
/home/ubuntu/disney_data/disney_sample/Cax_train312.jpg,baloo
/home/ubuntu/disney_data/disney_sample/Cax_train2822.jpg,goofy
/home/ubuntu/disney_data/disney_sample/Cax_train6510.jpg,winnie
/home/ubuntu/disney_data/disney_sample/Cax_train6027.jpg,toy_story
/home/ubuntu/disney_data/disney_sample/Cax_train2781.jpg,goofy
/home/ubuntu/disney_data/disney_sample/Cax_train180.jpg,baloo
/home/ubuntu/disney_data/disney_sample/Cax_train6159.jpg,toy_story
/home/ubuntu/disney_data/disney_sample/Cax_train6050.jpg,toy_story
/home/ubuntu/disney_data/disney_sample/Cax_train4147.jpg,mickey
/home/ubuntu/disney_data/disney_sample/Cax_train2806.jpg,goofy
/home/ubuntu/disney_data/disney_sample/Cax_train4105.jpg,mickey
/home/ubuntu/disney_data/disney_sample/Cax_train6257.jpg,toy_story
/home/ubuntu/disney_data/disney_sample/Cax_train6545.jpg,winnie
/home/ubuntu/disney_data/disney_sample/Cax_train2858.jpg,goofy
/home/ubuntu/disney_data/disney_sample/Cax_train2671.jpg,goofy
/home/ubuntu/disney_data/disney_sample/Cax_train2876.jpg,goofy
/home/ubuntu/disney_data/disney_sample/Cax_train2685.jpg,goofy
/home/ubuntu/disney_data/disney_sample/Cax_train6603.jpg,winnie
/home/ubuntu/disney_data/disney_sample/Cax_train6681.jpg,winnie
/home/ubuntu/disney_data/disney_sample/Cax_train6604.jpg,winnie
/home/ubuntu/disney_data/disney_sample/Cax_train2837.jpg,goofy
/home/ubuntu/disney_data/disney_sample/Cax_train6239.jpg,toy_story
/home/ubuntu/disney_data/disney_sample/Cax_train6118.jpg,toy_story
/home/ubuntu/disney_data/disney_sample/Cax_train6683.jpg,winnie
/home/ubuntu/disney_data/disney_sample/Cax_train4108.jpg,mickey
/home/ubuntu/disney_data/disney_sample/Cax_train303.jpg,baloo
/home/ubuntu/disney_data/disney_sample/Cax_train6204.jpg,toy_story
/home/ubuntu/disney_data/disney_sample/Cax_train2716.jpg,goofy
/home/ubuntu/disney_data/disney_sample/Cax_train2698.jpg,goofy
/home/ubuntu/disney_data/disney_sample/Cax_train2765.jpg,goofy
/home/ubuntu/disney_data/disney_sample/Cax_train6068.jpg,toy_story
/home/ubuntu/disney_data/disney_sample/Cax_train310.jpg,baloo
/home/ubuntu/disney_data/disney_sample/Cax_train6562.jpg,winnie
/home/ubuntu/disney_data/disney_sample/Cax_train6134.jpg,toy_story
/home/ubuntu/disney_data/disney_sample/Cax_train2766.jpg,goofy
/home/ubuntu/disney_data/disney_sample/Cax_train6064.jpg,toy_story
/home/ubuntu/disney_data/disney_sample/Cax_train6051.jpg,toy_story
/home/ubuntu/disney_data/disney_sample/Cax_train6660.jpg,winnie
/home/ubuntu/disney_data/disney_sample/Cax_train4088.jpg,mickey
/home/ubuntu/disney_data/disney_sample/Cax_train270.jpg,baloo
/home/ubuntu/disney_data/disney_sample/Cax_train2784.jpg,goofy
/home/ubuntu/disney_data/disney_sample/Cax_train2746.jpg,goofy
/home/ubuntu/disney_data/disney_sample/Cax_train6152.jpg,toy_story
/home/ubuntu/disney_data/disney_sample/Cax_train212.jpg,baloo
/home/ubuntu/disney_data/disney_sample/Cax_train2879.jpg,goofy
/home/ubuntu/disney_data/disney_sample/Cax_train209.jpg,baloo
/home/ubuntu/disney_data/disney_sample/Cax_train4076.jpg,mickey
/home/ubuntu/disney_data/disney_sample/Cax_train6516.jpg,winnie
/home/ubuntu/disney_data/disney_sample/Cax_train6124.jpg,toy_story
/home/ubuntu/disney_data/disney_sample/Cax_train2851.jpg,goofy
/home/ubuntu/disney_data/disney_sample/Cax_train2818.jpg,goofy
/home/ubuntu/disney_data/disney_sample/Cax_train352.jpg,baloo
/home/ubuntu/disney_data/disney_sample/Cax_train2800.jpg,goofy
/home/ubuntu/disney_data/disney_sample/Cax_train6250.jpg,toy_story
/home/ubuntu/disney_data/disney_sample/Cax_train6101.jpg,toy_story
/home/ubuntu/disney_data/disney_sample/Cax_train6687.jpg,winnie
/home/ubuntu/disney_data/disney_sample/Cax_train2680.jpg,goofy
/home/ubuntu/disney_data/disney_sample/Cax_train238.jpg,baloo
/home/ubuntu/disney_data/disney_sample/Cax_train6524.jpg,winnie
/home/ubuntu/disney_data/disney_sample/Cax_train4166.jpg,mickey
/home/ubuntu/disney_data/disney_sample/Cax_train6693.jpg,winnie
/home/ubuntu/disney_data/disney_sample/Cax_train2707.jpg,goofy
/home/ubuntu/disney_data/disney_sample/Cax_train6600.jpg,winnie
/home/ubuntu/disney_data/disney_sample/Cax_train4163.jpg,mickey
/home/ubuntu/disney_data/disney_sample/Cax_train6597.jpg,winnie
/home/ubuntu/disney_data/disney_sample/Cax_train2676.jpg,goofy
/home/ubuntu/disney_data/disney_sample/Cax_train6156.jpg,toy_story
/home/ubuntu/disney_data/disney_sample/Cax_train199.jpg,baloo
/home/ubuntu/disney_data/disney_sample/Cax_train263.jpg,baloo
/home/ubuntu/disney_data/disney_sample/Cax_train6014.jpg,toy_story
/home/ubuntu/disney_data/disney_sample/Cax_train126.jpg,baloo
/home/ubuntu/disney_data/disney_sample/Cax_train2727.jpg,goofy
/home/ubuntu/disney_data/disney_sample/Cax_train273.jpg,baloo
/home/ubuntu/disney_data/disney_sample/Cax_train6086.jpg,toy_story
/home/ubuntu/disney_data/disney_sample/Cax_train2821.jpg,goofy
/home/ubuntu/disney_data/disney_sample/Cax_train4115.jpg,mickey
/home/ubuntu/disney_data/disney_sample/Cax_train6177.jpg,toy_story
/home/ubuntu/disney_data/disney_sample/Cax_train6598.jpg,winnie
/home/ubuntu/disney_data/disney_sample/Cax_train6649.jpg,winnie
/home/ubuntu/disney_data/disney_sample/Cax_train6071.jpg,toy_story
/home/ubuntu/disney_data/disney_sample/Cax_train2839.jpg,goofy
/home/ubuntu/disney_data/disney_sample/Cax_train6172.jpg,toy_story
/home/ubuntu/disney_data/disney_sample/Cax_train2652.jpg,goofy
/home/ubuntu/disney_data/disney_sample/Cax_train117.jpg,baloo
/home/ubuntu/disney_data/disney_sample/Cax_train2719.jpg,goofy
/home/ubuntu/disney_data/disney_sample/Cax_train6189.jpg,toy_story
/home/ubuntu/disney_data/disney_sample/Cax_train6180.jpg,toy_story
/home/ubuntu/disney_data/disney_sample/Cax_train6245.jpg,toy_story
/home/ubuntu/disney_data/disney_sample/Cax_train226.jpg,baloo
/home/ubuntu/disney_data/disney_sample/Cax_train6091.jpg,toy_story
/home/ubuntu/disney_data/disney_sample/Cax_train218.jpg,baloo
/home/ubuntu/disney_data/disney_sample/Cax_train2791.jpg,goofy
/home/ubuntu/disney_data/disney_sample/Cax_train193.jpg,baloo
/home/ubuntu/disney_data/disney_sample/Cax_train122.jpg,baloo
/home/ubuntu/disney_data/disney_sample/Cax_train6163.jpg,toy_story
/home/ubuntu/disney_data/disney_sample/Cax_train2873.jpg,goofy
/home/ubuntu/disney_data/disney_sample/Cax_train322.jpg,baloo
/home/ubuntu/disney_data/disney_sample/Cax_train6174.jpg,toy_story
/home/ubuntu/disney_data/disney_sample/Cax_train302.jpg,baloo
/home/ubuntu/disney_data/disney_sample/Cax_train6634.jpg,winnie
/home/ubuntu/disney_data/disney_sample/Cax_train6549.jpg,winnie
/home/ubuntu/disney_data/disney_sample/Cax_train6559.jpg,winnie
/home/ubuntu/disney_data/disney_sample/Cax_train6018.jpg,toy_story
/home/ubuntu/disney_data/disney_sample/Cax_train6060.jpg,toy_story
/home/ubuntu/disney_data/disney_sample/Cax_train127.jpg,baloo
/home/ubuntu/disney_data/disney_sample/Cax_train241.jpg,baloo
/home/ubuntu/disney_data/disney_sample/Cax_train6217.jpg,toy_story
/home/ubuntu/disney_data/disney_sample/Cax_train4077.jpg,mickey
/home/ubuntu/disney_data/disney_sample/Cax_train269.jpg,baloo
/home/ubuntu/disney_data/disney_sample/Cax_train149.jpg,baloo
/home/ubuntu/disney_data/disney_sample/Cax_train2718.jpg,goofy
/home/ubuntu/disney_data/disney_sample/Cax_train2861.jpg,goofy
/home/ubuntu/disney_data/disney_sample/Cax_train4141.jpg,mickey
/home/ubuntu/disney_data/disney_sample/Cax_train4110.jpg,mickey
/home/ubuntu/disney_data/disney_sample/Cax_train6061.jpg,toy_story
/home/ubuntu/disney_data/disney_sample/Cax_train6503.jpg,winnie
/home/ubuntu/disney_data/disney_sample/Cax_train251.jpg,baloo
/home/ubuntu/disney_data/disney_sample/Cax_train6588.jpg,winnie
/home/ubuntu/disney_data/disney_sample/Cax_train4137.jpg,mickey
/home/ubuntu/disney_data/disney_sample/Cax_train6125.jpg,toy_story
/home/ubuntu/disney_data/disney_sample/Cax_train235.jpg,baloo
/home/ubuntu/disney_data/disney_sample/Cax_train4099.jpg,mickey
/home/ubuntu/disney_data/disney_sample/Cax_train214.jpg,baloo
/home/ubuntu/disney_data/disney_sample/Cax_train6573.jpg,winnie
/home/ubuntu/disney_data/disney_sample/Cax_train2799.jpg,goofy
/home/ubuntu/disney_data/disney_sample/Cax_train304.jpg,baloo
/home/ubuntu/disney_data/disney_sample/Cax_train2883.jpg,goofy
/home/ubuntu/disney_data/disney_sample/Cax_train6569.jpg,winnie
/home/ubuntu/disney_data/disney_sample/Cax_train2753.jpg,goofy
/home/ubuntu/disney_data/disney_sample/Cax_train239.jpg,baloo
/home/ubuntu/disney_data/disney_sample/Cax_train2884.jpg,goofy
/home/ubuntu/disney_data/disney_sample/Cax_train6587.jpg,winnie
/home/ubuntu/disney_data/disney_sample/Cax_train6171.jpg,toy_story
/home/ubuntu/disney_data/disney_sample/Cax_train2824.jpg,goofy
/home/ubuntu/disney_data/disney_sample/Cax_train6098.jpg,toy_story
/home/ubuntu/disney_data/disney_sample/Cax_train4060.jpg,mickey
/home/ubuntu/disney_data/disney_sample/Cax_train4073.jpg,mickey
/home/ubuntu/disney_data/disney_sample/Cax_train4154.jpg,mickey
/home/ubuntu/disney_data/disney_sample/Cax_train159.jpg,baloo
/home/ubuntu/disney_data/disney_sample/Cax_train6590.jpg,winnie
/home/ubuntu/disney_data/disney_sample/Cax_train202.jpg,baloo
/home/ubuntu/disney_data/disney_sample/Cax_train4160.jpg,mickey
/home/ubuntu/disney_data/disney_sample/Cax_train6132.jpg,toy_story
/home/ubuntu/disney_data/disney_sample/Cax_train6568.jpg,winnie
/home/ubuntu/disney_data/disney_sample/Cax_train4094.jpg,mickey
/home/ubuntu/disney_data/disney_sample/Cax_train6669.jpg,winnie
/home/ubuntu/disney_data/disney_sample/Cax_train2756.jpg,goofy
/home/ubuntu/disney_data/disney_sample/Cax_train208.jpg,baloo
/home/ubuntu/disney_data/disney_sample/Cax_train6169.jpg,toy_story
/home/ubuntu/disney_data/disney_sample/Cax_train2705.jpg,goofy
/home/ubuntu/disney_data/disney_sample/Cax_train6652.jpg,winnie
/home/ubuntu/disney_data/disney_sample/Cax_train4138.jpg,mickey
/home/ubuntu/disney_data/disney_sample/Cax_train6661.jpg,winnie
/home/ubuntu/disney_data/disney_sample/Cax_train6645.jpg,winnie
/home/ubuntu/disney_data/disney_sample/Cax_train4038.jpg,mickey
/home/ubuntu/disney_data/disney_sample/Cax_train285.jpg,baloo
/home/ubuntu/disney_data/disney_sample/Cax_train6523.jpg,winnie
/home/ubuntu/disney_data/disney_sample/Cax_train4153.jpg,mickey
/home/ubuntu/disney_data/disney_sample/Cax_train6073.jpg,toy_story
/home/ubuntu/disney_data/disney_sample/Cax_train234.jpg,baloo
/home/ubuntu/disney_data/disney_sample/Cax_train2823.jpg,goofy
/home/ubuntu/disney_data/disney_sample/Cax_train2651.jpg,goofy
/home/ubuntu/disney_data/disney_sample/Cax_train6175.jpg,toy_story
/home/ubuntu/disney_data/disney_sample/Cax_train2748.jpg,goofy
/home/ubuntu/disney_data/disney_sample/Cax_train115.jpg,baloo
/home/ubuntu/disney_data/disney_sample/Cax_train232.jpg,baloo
/home/ubuntu/disney_data/disney_sample/Cax_train6142.jpg,toy_story
/home/ubuntu/disney_data/disney_sample/Cax_train6030.jpg,toy_story
/home/ubuntu/disney_data/disney_sample/Cax_train2874.jpg,goofy
/home/ubuntu/disney_data/disney_sample/Cax_train2683.jpg,goofy
/home/ubuntu/disney_data/disney_sample/Cax_train2672.jpg,goofy
/home/ubuntu/disney_data/disney_sample/Cax_train225.jpg,baloo
/home/ubuntu/disney_data/disney_sample/Cax_train6165.jpg,toy_story
/home/ubuntu/disney_data/disney_sample/Cax_train6624.jpg,winnie
/home/ubuntu/disney_data/disney_sample/Cax_train6520.jpg,winnie
/home/ubuntu/disney_data/disney_sample/Cax_train2863.jpg,goofy
/home/ubuntu/disney_data/disney_sample/Cax_train4084.jpg,mickey
/home/ubuntu/disney_data/disney_sample/Cax_train6690.jpg,winnie
/home/ubuntu/disney_data/disney_sample/Cax_train4100.jpg,mickey
/home/ubuntu/disney_data/disney_sample/Cax_train6229.jpg,toy_story
/home/ubuntu/disney_data/disney_sample/Cax_train2859.jpg,goofy
/home/ubuntu/disney_data/disney_sample/Cax_train2695.jpg,goofy
/home/ubuntu/disney_data/disney_sample/Cax_train2665.jpg,goofy
/home/ubuntu/disney_data/disney_sample/Cax_train6556.jpg,winnie
/home/ubuntu/disney_data/disney_sample/Cax_train326.jpg,baloo
/home/ubuntu/disney_data/disney_sample/Cax_train2740.jpg,goofy
/home/ubuntu/disney_data/disney_sample/Cax_train2881.jpg,goofy
/home/ubuntu/disney_data/disney_sample/Cax_train2832.jpg,goofy
/home/ubuntu/disney_data/disney_sample/Cax_train6034.jpg,toy_story
/home/ubuntu/disney_data/disney_sample/Cax_train4074.jpg,mickey
/home/ubuntu/disney_data/disney_sample/Cax_train6088.jpg,toy_story
/home/ubuntu/disney_data/disney_sample/Cax_train6181.jpg,toy_story
/home/ubuntu/disney_data/disney_sample/Cax_train6205.jpg,toy_story
/home/ubuntu/disney_data/disney_sample/Cax_train185.jpg,baloo
/home/ubuntu/disney_data/disney_sample/Cax_train6641.jpg,winnie
/home/ubuntu/disney_data/disney_sample/Cax_train2803.jpg,goofy
/home/ubuntu/disney_data/disney_sample/Cax_train2878.jpg,goofy
/home/ubuntu/disney_data/disney_sample/Cax_train255.jpg,baloo
/home/ubuntu/disney_data/disney_sample/Cax_train4040.jpg,mickey
/home/ubuntu/disney_data/disney_sample/Cax_train186.jpg,baloo
/home/ubuntu/disney_data/disney_sample/Cax_train4157.jpg,mickey
/home/ubuntu/disney_data/disney_sample/Cax_train4135.jpg,mickey
/home/ubuntu/disney_data/disney_sample/Cax_train284.jpg,baloo
/home/ubuntu/disney_data/disney_sample/Cax_train6673.jpg,winnie
/home/ubuntu/disney_data/disney_sample/Cax_train2754.jpg,goofy
/home/ubuntu/disney_data/disney_sample/Cax_train4043.jpg,mickey
/home/ubuntu/disney_data/disney_sample/Cax_train6492.jpg,winnie
/home/ubuntu/disney_data/disney_sample/Cax_train151.jpg,baloo
/home/ubuntu/disney_data/disney_sample/Cax_train6501.jpg,winnie
/home/ubuntu/disney_data/disney_sample/Cax_train6240.jpg,toy_story
/home/ubuntu/disney_data/disney_sample/Cax_train2657.jpg,goofy
/home/ubuntu/disney_data/disney_sample/Cax_train245.jpg,baloo
/home/ubuntu/disney_data/disney_sample/Cax_train150.jpg,baloo
/home/ubuntu/disney_data/disney_sample/Cax_train345.jpg,baloo
/home/ubuntu/disney_data/disney_sample/Cax_train274.jpg,baloo
/home/ubuntu/disney_data/disney_sample/Cax_train2655.jpg,goofy
/home/ubuntu/disney_data/disney_sample/Cax_train6506.jpg,winnie
/home/ubuntu/disney_data/disney_sample/Cax_train6047.jpg,toy_story
/home/ubuntu/disney_data/disney_sample/Cax_train6202.jpg,toy_story
/home/ubuntu/disney_data/disney_sample/Cax_train2830.jpg,goofy
/home/ubuntu/disney_data/disney_sample/Cax_train4136.jpg,mickey
/home/ubuntu/disney_data/disney_sample/Cax_train6162.jpg,toy_story
/home/ubuntu/disney_data/disney_sample/Cax_train4063.jpg,mickey
/home/ubuntu/disney_data/disney_sample/Cax_train6084.jpg,toy_story
/home/ubuntu/disney_data/disney_sample/Cax_train6216.jpg,toy_story
/home/ubuntu/disney_data/disney_sample/Cax_train6178.jpg,toy_story
/home/ubuntu/disney_data/disney_sample/Cax_train250.jpg,baloo
/home/ubuntu/disney_data/disney_sample/Cax_train6591.jpg,winnie
/home/ubuntu/disney_data/disney_sample/Cax_train142.jpg,baloo
/home/ubuntu/disney_data/disney_sample/Cax_train6066.jpg,toy_story
/home/ubuntu/disney_data/disney_sample/Cax_train4155.jpg,mickey
/home/ubuntu/disney_data/disney_sample/Cax_train6684.jpg,winnie
/home/ubuntu/disney_data/disney_sample/Cax_train300.jpg,baloo
/home/ubuntu/disney_data/disney_sample/Cax_train6043.jpg,toy_story
/home/ubuntu/disney_data/disney_sample/Cax_train6605.jpg,winnie
/home/ubuntu/disney_data/disney_sample/Cax_train4164.jpg,mickey
/home/ubuntu/disney_data/disney_sample/Cax_train6012.jpg,toy_story
/home/ubuntu/disney_data/disney_sample/Cax_train335.jpg,baloo
/home/ubuntu/disney_data/disney_sample/Cax_train2734.jpg,goofy
/home/ubuntu/disney_data/disney_sample/Cax_train6592.jpg,winnie
/home/ubuntu/disney_data/disney_sample/Cax_train4071.jpg,mickey
/home/ubuntu/disney_data/disney_sample/Cax_train6630.jpg,winnie
/home/ubuntu/disney_data/disney_sample/Cax_train136.jpg,baloo
/home/ubuntu/disney_data/disney_sample/Cax_train2668.jpg,goofy
/home/ubuntu/disney_data/disney_sample/Cax_train6580.jpg,winnie
/home/ubuntu/disney_data/disney_sample/Cax_train2744.jpg,goofy
/home/ubuntu/disney_data/disney_sample/Cax_train216.jpg,baloo
/home/ubuntu/disney_data/disney_sample/Cax_train2761.jpg,goofy
/home/ubuntu/disney_data/disney_sample/Cax_train4132.jpg,mickey
/home/ubuntu/disney_data/disney_sample/Cax_train2889.jpg,goofy
/home/ubuntu/disney_data/disney_sample/Cax_train6139.jpg,toy_story
/home/ubuntu/disney_data/disney_sample/Cax_train6665.jpg,winnie
/home/ubuntu/disney_data/disney_sample/Cax_train198.jpg,baloo
/home/ubuntu/disney_data/disney_sample/Cax_train6632.jpg,winnie
/home/ubuntu/disney_data/disney_sample/Cax_train6676.jpg,winnie
/home/ubuntu/disney_data/disney_sample/Cax_train6076.jpg,toy_story
/home/ubuntu/disney_data/disney_sample/Cax_train6535.jpg,winnie
/home/ubuntu/disney_data/disney_sample/Cax_train2886.jpg,goofy
/home/ubuntu/disney_data/disney_sample/Cax_train2649.jpg,goofy
/home/ubuntu/disney_data/disney_sample/Cax_train6546.jpg,winnie
/home/ubuntu/disney_data/disney_sample/Cax_train329.jpg,baloo
/home/ubuntu/disney_data/disney_sample/Cax_train291.jpg,baloo
/home/ubuntu/disney_data/disney_sample/Cax_train6614.jpg,winnie
/home/ubuntu/disney_data/disney_sample/Cax_train307.jpg,baloo
/home/ubuntu/disney_data/disney_sample/Cax_train2700.jpg,goofy
/home/ubuntu/disney_data/disney_sample/Cax_train331.jpg,baloo
/home/ubuntu/disney_data/disney_sample/Cax_train2843.jpg,goofy
/home/ubuntu/disney_data/disney_sample/Cax_train191.jpg,baloo
/home/ubuntu/disney_data/disney_sample/Cax_train6052.jpg,toy_story
/home/ubuntu/disney_data/disney_sample/Cax_train125.jpg,baloo
/home/ubuntu/disney_data/disney_sample/Cax_train6173.jpg,toy_story
/home/ubuntu/disney_data/disney_sample/Cax_train316.jpg,baloo
/home/ubuntu/disney_data/disney_sample/Cax_train4069.jpg,mickey
/home/ubuntu/disney_data/disney_sample/Cax_train141.jpg,baloo
/home/ubuntu/disney_data/disney_sample/Cax_train169.jpg,baloo
/home/ubuntu/disney_data/disney_sample/Cax_train256.jpg,baloo
/home/ubuntu/disney_data/disney_sample/Cax_train6646.jpg,winnie
/home/ubuntu/disney_data/disney_sample/Cax_train2714.jpg,goofy
/home/ubuntu/disney_data/disney_sample/Cax_train4083.jpg,mickey
/home/ubuntu/disney_data/disney_sample/Cax_train6601.jpg,winnie
/home/ubuntu/disney_data/disney_sample/Cax_train6157.jpg,toy_story
/home/ubuntu/disney_data/disney_sample/Cax_train6241.jpg,toy_story
/home/ubuntu/disney_data/disney_sample/Cax_train171.jpg,baloo
/home/ubuntu/disney_data/disney_sample/Cax_train158.jpg,baloo
/home/ubuntu/disney_data/disney_sample/Cax_train2712.jpg,goofy
/home/ubuntu/disney_data/disney_sample/Cax_train2699.jpg,goofy
/home/ubuntu/disney_data/disney_sample/Cax_train6254.jpg,toy_story
/home/ubuntu/disney_data/disney_sample/Cax_train2776.jpg,goofy
/home/ubuntu/disney_data/disney_sample/Cax_train6041.jpg,toy_story
/home/ubuntu/disney_data/disney_sample/Cax_train6259.jpg,toy_story
/home/ubuntu/disney_data/disney_sample/Cax_train184.jpg,baloo
/home/ubuntu/disney_data/disney_sample/Cax_train210.jpg,baloo
/home/ubuntu/disney_data/disney_sample/Cax_train6065.jpg,toy_story
/home/ubuntu/disney_data/disney_sample/Cax_train2759.jpg,goofy
/home/ubuntu/disney_data/disney_sample/Cax_train2735.jpg,goofy
/home/ubuntu/disney_data/disney_sample/Cax_train4067.jpg,mickey
/home/ubuntu/disney_data/disney_sample/Cax_train6039.jpg,toy_story
/home/ubuntu/disney_data/disney_sample/Cax_train6662.jpg,winnie
/home/ubuntu/disney_data/disney_sample/Cax_train2840.jpg,goofy
/home/ubuntu/disney_data/disney_sample/Cax_train6232.jpg,toy_story
/home/ubuntu/disney_data/disney_sample/Cax_train4061.jpg,mickey
/home/ubuntu/disney_data/disney_sample/Cax_train2706.jpg,goofy
/home/ubuntu/disney_data/disney_sample/Cax_train2796.jpg,goofy
/home/ubuntu/disney_data/disney_sample/Cax_train4159.jpg,mickey
/home/ubuntu/disney_data/disney_sample/Cax_train2891.jpg,goofy
/home/ubuntu/disney_data/disney_sample/Cax_train6095.jpg,toy_story
/home/ubuntu/disney_data/disney_sample/Cax_train6190.jpg,toy_story
/home/ubuntu/disney_data/disney_sample/Cax_train6221.jpg,toy_story
/home/ubuntu/disney_data/disney_sample/Cax_train4048.jpg,mickey
/home/ubuntu/disney_data/disney_sample/Cax_train6528.jpg,winnie
/home/ubuntu/disney_data/disney_sample/Cax_train161.jpg,baloo
/home/ubuntu/disney_data/disney_sample/Cax_train6080.jpg,toy_story
/home/ubuntu/disney_data/disney_sample/Cax_train6626.jpg,winnie
/home/ubuntu/disney_data/disney_sample/Cax_train2682.jpg,goofy
/home/ubuntu/disney_data/disney_sample/Cax_train2771.jpg,goofy
/home/ubuntu/disney_data/disney_sample/Cax_train4075.jpg,mickey
/home/ubuntu/disney_data/disney_sample/Cax_train224.jpg,baloo
/home/ubuntu/disney_data/disney_sample/Cax_train6544.jpg,winnie
/home/ubuntu/disney_data/disney_sample/Cax_train219.jpg,baloo
/home/ubuntu/disney_data/disney_sample/Cax_train4119.jpg,mickey
/home/ubuntu/disney_data/disney_sample/Cax_train6185.jpg,toy_story
/home/ubuntu/disney_data/disney_sample/Cax_train179.jpg,baloo
/home/ubuntu/disney_data/disney_sample/Cax_train6154.jpg,toy_story
/home/ubuntu/disney_data/disney_sample/Cax_train189.jpg,baloo
/home/ubuntu/disney_data/disney_sample/Cax_train6686.jpg,winnie
/home/ubuntu/disney_data/disney_sample/Cax_train6024.jpg,toy_story
/home/ubuntu/disney_data/disney_sample/Cax_train6020.jpg,toy_story
/home/ubuntu/disney_data/disney_sample/Cax_train6490.jpg,winnie
/home/ubuntu/disney_data/disney_sample/Cax_train6526.jpg,winnie
/home/ubuntu/disney_data/disney_sample/Cax_train4082.jpg,mickey
/home/ubuntu/disney_data/disney_sample/Cax_train6105.jpg,toy_story
/home/ubuntu/disney_data/disney_sample/Cax_train2857.jpg,goofy
/home/ubuntu/disney_data/disney_sample/Cax_train4143.jpg,mickey
/home/ubuntu/disney_data/disney_sample/Cax_train308.jpg,baloo
/home/ubuntu/disney_data/disney_sample/Cax_train6046.jpg,toy_story
/home/ubuntu/disney_data/disney_sample/Cax_train327.jpg,baloo
/home/ubuntu/disney_data/disney_sample/Cax_train6231.jpg,toy_story
/home/ubuntu/disney_data/disney_sample/Cax_train248.jpg,baloo
/home/ubuntu/disney_data/disney_sample/Cax_train222.jpg,baloo
/home/ubuntu/disney_data/disney_sample/Cax_train297.jpg,baloo
/home/ubuntu/disney_data/disney_sample/Cax_train6131.jpg,toy_story
/home/ubuntu/disney_data/disney_sample/Cax_train4148.jpg,mickey
/home/ubuntu/disney_data/disney_sample/Cax_train6248.jpg,toy_story
/home/ubuntu/disney_data/disney_sample/Cax_train2702.jpg,goofy
/home/ubuntu/disney_data/disney_sample/Cax_train6518.jpg,winnie
/home/ubuntu/disney_data/disney_sample/Cax_train6561.jpg,winnie
/home/ubuntu/disney_data/disney_sample/Cax_train6048.jpg,toy_story
/home/ubuntu/disney_data/disney_sample/Cax_train2866.jpg,goofy
/home/ubuntu/disney_data/disney_sample/Cax_train4126.jpg,mickey
/home/ubuntu/disney_data/disney_sample/Cax_train2715.jpg,goofy
/home/ubuntu/disney_data/disney_sample/Cax_train237.jpg,baloo
/home/ubuntu/disney_data/disney_sample/Cax_train260.jpg,baloo
/home/ubuntu/disney_data/disney_sample/Cax_train6100.jpg,toy_story
/home/ubuntu/disney_data/disney_sample/Cax_train6654.jpg,winnie
/home/ubuntu/disney_data/disney_sample/Cax_train279.jpg,baloo
/home/ubuntu/disney_data/disney_sample/Cax_train6085.jpg,toy_story
/home/ubuntu/disney_data/disney_sample/Cax_train129.jpg,baloo
/home/ubuntu/disney_data/disney_sample/Cax_train6145.jpg,toy_story
/home/ubuntu/disney_data/disney_sample/Cax_train6499.jpg,winnie
/home/ubuntu/disney_data/disney_sample/Cax_train4156.jpg,mickey
/home/ubuntu/disney_data/disney_sample/Cax_train2882.jpg,goofy
/home/ubuntu/disney_data/disney_sample/Cax_train6170.jpg,toy_story
/home/ubuntu/disney_data/disney_sample/Cax_train174.jpg,baloo
/home/ubuntu/disney_data/disney_sample/Cax_train6111.jpg,toy_story
/home/ubuntu/disney_data/disney_sample/Cax_train6038.jpg,toy_story
/home/ubuntu/disney_data/disney_sample/Cax_train2774.jpg,goofy
/home/ubuntu/disney_data/disney_sample/Cax_train313.jpg,baloo
/home/ubuntu/disney_data/disney_sample/Cax_train6220.jpg,toy_story
/home/ubuntu/disney_data/disney_sample/Cax_train259.jpg,baloo
/home/ubuntu/disney_data/disney_sample/Cax_train6133.jpg,toy_story
/home/ubuntu/disney_data/disney_sample/Cax_train6116.jpg,toy_story
/home/ubuntu/disney_data/disney_sample/Cax_train197.jpg,baloo
/home/ubuntu/disney_data/disney_sample/Cax_train6586.jpg,winnie
/home/ubuntu/disney_data/disney_sample/Cax_train2850.jpg,goofy
/home/ubuntu/disney_data/disney_sample/Cax_train4089.jpg,mickey
/home/ubuntu/disney_data/disney_sample/Cax_train6219.jpg,toy_story
/home/ubuntu/disney_data/disney_sample/Cax_train6613.jpg,winnie
/home/ubuntu/disney_data/disney_sample/Cax_train2752.jpg,goofy
/home/ubuntu/disney_data/disney_sample/Cax_train6522.jpg,winnie
/home/ubuntu/disney_data/disney_sample/Cax_train6140.jpg,toy_story
/home/ubuntu/disney_data/disney_sample/Cax_train6129.jpg,toy_story
/home/ubuntu/disney_data/disney_sample/Cax_train2711.jpg,goofy
/home/ubuntu/disney_data/disney_sample/Cax_train6072.jpg,toy_story
/home/ubuntu/disney_data/disney_sample/Cax_train265.jpg,baloo
/home/ubuntu/disney_data/disney_sample/Cax_train2793.jpg,goofy
/home/ubuntu/disney_data/disney_sample/Cax_train288.jpg,baloo
/home/ubuntu/disney_data/disney_sample/Cax_train338.jpg,baloo
/home/ubuntu/disney_data/disney_sample/Cax_train175.jpg,baloo
/home/ubuntu/disney_data/disney_sample/Cax_train4113.jpg,mickey
/home/ubuntu/disney_data/disney_sample/Cax_train6199.jpg,toy_story
/home/ubuntu/disney_data/disney_sample/Cax_train6251.jpg,toy_story
/home/ubuntu/disney_data/disney_sample/Cax_train6575.jpg,winnie
/home/ubuntu/disney_data/disney_sample/Cax_train4116.jpg,mickey
/home/ubuntu/disney_data/disney_sample/Cax_train2852.jpg,goofy
/home/ubuntu/disney_data/disney_sample/Cax_train6252.jpg,toy_story
/home/ubuntu/disney_data/disney_sample/Cax_train4049.jpg,mickey
/home/ubuntu/disney_data/disney_sample/Cax_train4149.jpg,mickey
/home/ubuntu/disney_data/disney_sample/Cax_train236.jpg,baloo
/home/ubuntu/disney_data/disney_sample/Cax_train278.jpg,baloo
/home/ubuntu/disney_data/disney_sample/Cax_train2697.jpg,goofy
/home/ubuntu/disney_data/disney_sample/Cax_train2813.jpg,goofy
/home/ubuntu/disney_data/disney_sample/Cax_train2804.jpg,goofy
/home/ubuntu/disney_data/disney_sample/Cax_train6650.jpg,winnie
/home/ubuntu/disney_data/disney_sample/Cax_train6511.jpg,winnie
/home/ubuntu/disney_data/disney_sample/Cax_train6582.jpg,winnie
/home/ubuntu/disney_data/disney_sample/Cax_train131.jpg,baloo
/home/ubuntu/disney_data/disney_sample/Cax_train6247.jpg,toy_story
/home/ubuntu/disney_data/disney_sample/Cax_train348.jpg,baloo
/home/ubuntu/disney_data/disney_sample/Cax_train6074.jpg,toy_story
/home/ubuntu/disney_data/disney_sample/Cax_train6069.jpg,toy_story
/home/ubuntu/disney_data/disney_sample/Cax_train2656.jpg,goofy
/home/ubuntu/disney_data/disney_sample/Cax_train2677.jpg,goofy
/home/ubuntu/disney_data/disney_sample/Cax_train6691.jpg,winnie
/home/ubuntu/disney_data/disney_sample/Cax_train6214.jpg,toy_story
/home/ubuntu/disney_data/disney_sample/Cax_train194.jpg,baloo
/home/ubuntu/disney_data/disney_sample/Cax_train6512.jpg,winnie
/home/ubuntu/disney_data/disney_sample/Cax_train4064.jpg,mickey
/home/ubuntu/disney_data/disney_sample/Cax_train128.jpg,baloo
/home/ubuntu/disney_data/disney_sample/Cax_train6120.jpg,toy_story
/home/ubuntu/disney_data/disney_sample/Cax_train295.jpg,baloo
/home/ubuntu/disney_data/disney_sample/Cax_train2779.jpg,goofy
/home/ubuntu/disney_data/disney_sample/Cax_train2848.jpg,goofy
/home/ubuntu/disney_data/disney_sample/Cax_train4039.jpg,mickey
/home/ubuntu/disney_data/disney_sample/Cax_train6210.jpg,toy_story
/home/ubuntu/disney_data/disney_sample/Cax_train6682.jpg,winnie
/home/ubuntu/disney_data/disney_sample/Cax_train206.jpg,baloo
/home/ubuntu/disney_data/disney_sample/Cax_train6495.jpg,winnie
/home/ubuntu/disney_data/disney_sample/Cax_train6253.jpg,toy_story
/home/ubuntu/disney_data/disney_sample/Cax_train4093.jpg,mickey
/home/ubuntu/disney_data/disney_sample/Cax_train6246.jpg,toy_story
/home/ubuntu/disney_data/disney_sample/Cax_train2762.jpg,goofy
/home/ubuntu/disney_data/disney_sample/Cax_train4058.jpg,mickey
/home/ubuntu/disney_data/disney_sample/Cax_train6694.jpg,winnie
/home/ubuntu/disney_data/disney_sample/Cax_train213.jpg,baloo
/home/ubuntu/disney_data/disney_sample/Cax_train6680.jpg,winnie
/home/ubuntu/disney_data/disney_sample/Cax_train247.jpg,baloo
/home/ubuntu/disney_data/disney_sample/Cax_train6023.jpg,toy_story
/home/ubuntu/disney_data/disney_sample/Cax_train178.jpg,baloo
/home/ubuntu/disney_data/disney_sample/Cax_train2750.jpg,goofy
/home/ubuntu/disney_data/disney_sample/Cax_train2825.jpg,goofy
/home/ubuntu/disney_data/disney_sample/Cax_train6196.jpg,toy_story
/home/ubuntu/disney_data/disney_sample/Cax_train336.jpg,baloo
/home/ubuntu/disney_data/disney_sample/Cax_train4047.jpg,mickey
/home/ubuntu/disney_data/disney_sample/Cax_train253.jpg,baloo
/home/ubuntu/disney_data/disney_sample/Cax_train4095.jpg,mickey
/home/ubuntu/disney_data/disney_sample/Cax_train2724.jpg,goofy
/home/ubuntu/disney_data/disney_sample/Cax_train2764.jpg,goofy
/home/ubuntu/disney_data/disney_sample/Cax_train6679.jpg,winnie
/home/ubuntu/disney_data/disney_sample/Cax_train6161.jpg,toy_story
/home/ubuntu/disney_data/disney_sample/Cax_train6092.jpg,toy_story
/home/ubuntu/disney_data/disney_sample/Cax_train4118.jpg,mickey
/home/ubuntu/disney_data/disney_sample/Cax_train2892.jpg,goofy
/home/ubuntu/disney_data/disney_sample/Cax_train311.jpg,baloo
/home/ubuntu/disney_data/disney_sample/Cax_train6530.jpg,winnie
/home/ubuntu/disney_data/disney_sample/Cax_train6213.jpg,toy_story
/home/ubuntu/disney_data/disney_sample/Cax_train156.jpg,baloo
/home/ubuntu/disney_data/disney_sample/Cax_train6211.jpg,toy_story
/home/ubuntu/disney_data/disney_sample/Cax_train6243.jpg,toy_story
/home/ubuntu/disney_data/disney_sample/Cax_train2844.jpg,goofy
/home/ubuntu/disney_data/disney_sample/Cax_train6636.jpg,winnie
/home/ubuntu/disney_data/disney_sample/Cax_train325.jpg,baloo
/home/ubuntu/disney_data/disney_sample/Cax_train2888.jpg,goofy
/home/ubuntu/disney_data/disney_sample/Cax_train2853.jpg,goofy
/home/ubuntu/disney_data/disney_sample/Cax_train4080.jpg,mickey
/home/ubuntu/disney_data/disney_sample/Cax_train6054.jpg,toy_story
/home/ubuntu/disney_data/disney_sample/Cax_train2674.jpg,goofy
/home/ubuntu/disney_data/disney_sample/Cax_train6166.jpg,toy_story
/home/ubuntu/disney_data/disney_sample/Cax_train4129.jpg,mickey
/home/ubuntu/disney_data/disney_sample/Cax_train240.jpg,baloo
/home/ubuntu/disney_data/disney_sample/Cax_train341.jpg,baloo
/home/ubuntu/disney_data/disney_sample/Cax_train271.jpg,baloo
/home/ubuntu/disney_data/disney_sample/Cax_train4070.jpg,mickey
/home/ubuntu/disney_data/disney_sample/Cax_train6668.jpg,winnie
/home/ubuntu/disney_data/disney_sample/Cax_train6123.jpg,toy_story
/home/ubuntu/disney_data/disney_sample/Cax_train4092.jpg,mickey
/home/ubuntu/disney_data/disney_sample/Cax_train6606.jpg,winnie
/home/ubuntu/disney_data/disney_sample/Cax_train133.jpg,baloo
/home/ubuntu/disney_data/disney_sample/Cax_train6596.jpg,winnie
/home/ubuntu/disney_data/disney_sample/Cax_train4139.jpg,mickey
/home/ubuntu/disney_data/disney_sample/Cax_train2814.jpg,goofy
/home/ubuntu/disney_data/disney_sample/Cax_train6543.jpg,winnie
/home/ubuntu/disney_data/disney_sample/Cax_train2688.jpg,goofy
/home/ubuntu/disney_data/disney_sample/Cax_train4056.jpg,mickey
/home/ubuntu/disney_data/disney_sample/Cax_train6581.jpg,winnie
/home/ubuntu/disney_data/disney_sample/Cax_train2692.jpg,goofy
/home/ubuntu/disney_data/disney_sample/Cax_train6032.jpg,toy_story
/home/ubuntu/disney_data/disney_sample/Cax_train6610.jpg,winnie
/home/ubuntu/disney_data/disney_sample/Cax_train6135.jpg,toy_story
/home/ubuntu/disney_data/disney_sample/Cax_train2785.jpg,goofy
/home/ubuntu/disney_data/disney_sample/Cax_train6187.jpg,toy_story
/home/ubuntu/disney_data/disney_sample/Cax_train152.jpg,baloo
/home/ubuntu/disney_data/disney_sample/Cax_train6138.jpg,toy_story
/home/ubuntu/disney_data/disney_sample/Cax_train121.jpg,baloo
/home/ubuntu/disney_data/disney_sample/Cax_train6222.jpg,toy_story
/home/ubuntu/disney_data/disney_sample/Cax_train6109.jpg,toy_story
/home/ubuntu/disney_data/disney_sample/Cax_train4151.jpg,mickey
/home/ubuntu/disney_data/disney_sample/Cax_train2786.jpg,goofy
/home/ubuntu/disney_data/disney_sample/Cax_train6564.jpg,winnie
/home/ubuntu/disney_data/disney_sample/Cax_train148.jpg,baloo
/home/ubuntu/disney_data/disney_sample/Cax_train2726.jpg,goofy
/home/ubuntu/disney_data/disney_sample/Cax_train6067.jpg,toy_story
/home/ubuntu/disney_data/disney_sample/Cax_train2660.jpg,goofy
/home/ubuntu/disney_data/disney_sample/Cax_train4146.jpg,mickey
/home/ubuntu/disney_data/disney_sample/Cax_train4150.jpg,mickey
/home/ubuntu/disney_data/disney_sample/Cax_train328.jpg,baloo
/home/ubuntu/disney_data/disney_sample/Cax_train254.jpg,baloo
/home/ubuntu/disney_data/disney_sample/Cax_train6208.jpg,toy_story
/home/ubuntu/disney_data/disney_sample/Cax_train6583.jpg,winnie
/home/ubuntu/disney_data/disney_sample/Cax_train134.jpg,baloo
/home/ubuntu/disney_data/disney_sample/Cax_train6536.jpg,winnie
/home/ubuntu/disney_data/disney_sample/Cax_train2767.jpg,goofy
/home/ubuntu/disney_data/disney_sample/Cax_train306.jpg,baloo
/home/ubuntu/disney_data/disney_sample/Cax_train6548.jpg,winnie
/home/ubuntu/disney_data/disney_sample/Cax_train2717.jpg,goofy
/home/ubuntu/disney_data/disney_sample/Cax_train6235.jpg,toy_story
/home/ubuntu/disney_data/disney_sample/Cax_train309.jpg,baloo
/home/ubuntu/disney_data/disney_sample/Cax_train233.jpg,baloo
/home/ubuntu/disney_data/disney_sample/Cax_train2788.jpg,goofy
/home/ubuntu/disney_data/disney_sample/Cax_train6508.jpg,winnie
/home/ubuntu/disney_data/disney_sample/Cax_train147.jpg,baloo
/home/ubuntu/disney_data/disney_sample/Cax_train164.jpg,baloo
/home/ubuntu/disney_data/disney_sample/Cax_train6631.jpg,winnie
/home/ubuntu/disney_data/disney_sample/Cax_train6045.jpg,toy_story
/home/ubuntu/disney_data/disney_sample/Cax_train4044.jpg,mickey
/home/ubuntu/disney_data/disney_sample/Cax_train351.jpg,baloo
/home/ubuntu/disney_data/disney_sample/Cax_train2661.jpg,goofy
/home/ubuntu/disney_data/disney_sample/Cax_train6022.jpg,toy_story
/home/ubuntu/disney_data/disney_sample/Cax_train6218.jpg,toy_story
/home/ubuntu/disney_data/disney_sample/Cax_train4161.jpg,mickey
/home/ubuntu/disney_data/disney_sample/Cax_train294.jpg,baloo
/home/ubuntu/disney_data/disney_sample/Cax_train154.jpg,baloo
/home/ubuntu/disney_data/disney_sample/Cax_train6083.jpg,toy_story
/home/ubuntu/disney_data/disney_sample/Cax_train2687.jpg,goofy
/home/ubuntu/disney_data/disney_sample/Cax_train2869.jpg,goofy
/home/ubuntu/disney_data/disney_sample/Cax_train138.jpg,baloo
/home/ubuntu/disney_data/disney_sample/Cax_train4114.jpg,mickey
/home/ubuntu/disney_data/disney_sample/Cax_train6552.jpg,winnie
/home/ubuntu/disney_data/disney_sample/Cax_train6667.jpg,winnie
/home/ubuntu/disney_data/disney_sample/Cax_train4131.jpg,mickey
/home/ubuntu/disney_data/disney_sample/Cax_train2654.jpg,goofy
/home/ubuntu/disney_data/disney_sample/Cax_train4055.jpg,mickey
/home/ubuntu/disney_data/disney_sample/Cax_train139.jpg,baloo
/home/ubuntu/disney_data/disney_sample/Cax_train2864.jpg,goofy
/home/ubuntu/disney_data/disney_sample/Cax_train6491.jpg,winnie
/home/ubuntu/disney_data/disney_sample/Cax_train190.jpg,baloo
/home/ubuntu/disney_data/disney_sample/Cax_train6572.jpg,winnie
/home/ubuntu/disney_data/disney_sample/Cax_train257.jpg,baloo
/home/ubuntu/disney_data/disney_sample/Cax_train2666.jpg,goofy
/home/ubuntu/disney_data/disney_sample/Cax_train2709.jpg,goofy
/home/ubuntu/disney_data/disney_sample/Cax_train2807.jpg,goofy
/home/ubuntu/disney_data/disney_sample/Cax_train2810.jpg,goofy
/home/ubuntu/disney_data/disney_sample/Cax_train6558.jpg,winnie
/home/ubuntu/disney_data/disney_sample/Cax_train2790.jpg,goofy
/home/ubuntu/disney_data/disney_sample/Cax_train4140.jpg,mickey
/home/ubuntu/disney_data/disney_sample/Cax_train4125.jpg,mickey
/home/ubuntu/disney_data/disney_sample/Cax_train2728.jpg,goofy
/home/ubuntu/disney_data/disney_sample/Cax_train333.jpg,baloo
/home/ubuntu/disney_data/disney_sample/Cax_train2733.jpg,goofy
/home/ubuntu/disney_data/disney_sample/Cax_train6033.jpg,toy_story
/home/ubuntu/disney_data/disney_sample/Cax_train289.jpg,baloo
/home/ubuntu/disney_data/disney_sample/Cax_train2720.jpg,goofy
/home/ubuntu/disney_data/disney_sample/Cax_train4144.jpg,mickey
/home/ubuntu/disney_data/disney_sample/Cax_train188.jpg,baloo
/home/ubuntu/disney_data/disney_sample/Cax_train6206.jpg,toy_story
/home/ubuntu/disney_data/disney_sample/Cax_train6103.jpg,toy_story
/home/ubuntu/disney_data/disney_sample/Cax_train4062.jpg,mickey
/home/ubuntu/disney_data/disney_sample/Cax_train114.jpg,baloo
/home/ubuntu/disney_data/disney_sample/Cax_train6666.jpg,winnie
/home/ubuntu/disney_data/disney_sample/Cax_train6114.jpg,toy_story
/home/ubuntu/disney_data/disney_sample/Cax_train2828.jpg,goofy
/home/ubuntu/disney_data/disney_sample/Cax_train6136.jpg,toy_story
/home/ubuntu/disney_data/disney_sample/Cax_train6130.jpg,toy_story
/home/ubuntu/disney_data/disney_sample/Cax_train286.jpg,baloo
/home/ubuntu/disney_data/disney_sample/Cax_train2783.jpg,goofy
/home/ubuntu/disney_data/disney_sample/Cax_train4050.jpg,mickey
/home/ubuntu/disney_data/disney_sample/Cax_train4122.jpg,mickey
/home/ubuntu/disney_data/disney_sample/Cax_train6619.jpg,winnie
/home/ubuntu/disney_data/disney_sample/Cax_train6194.jpg,toy_story
/home/ubuntu/disney_data/disney_sample/Cax_train2802.jpg,goofy
/home/ubuntu/disney_data/disney_sample/Cax_train4102.jpg,mickey
/home/ubuntu/disney_data/disney_sample/Cax_train2741.jpg,goofy
/home/ubuntu/disney_data/disney_sample/Cax_train2678.jpg,goofy
/home/ubuntu/disney_data/disney_sample/Cax_train211.jpg,baloo
/home/ubuntu/disney_data/disney_sample/Cax_train2777.jpg,goofy
/home/ubuntu/disney_data/disney_sample/Cax_train183.jpg,baloo
/home/ubuntu/disney_data/disney_sample/Cax_train4072.jpg,mickey
/home/ubuntu/disney_data/disney_sample/Cax_train6685.jpg,winnie
/home/ubuntu/disney_data/disney_sample/Cax_train2704.jpg,goofy
/home/ubuntu/disney_data/disney_sample/Cax_train6059.jpg,toy_story
/home/ubuntu/disney_data/disney_sample/Cax_train6565.jpg,winnie
/home/ubuntu/disney_data/disney_sample/Cax_train6119.jpg,toy_story
/home/ubuntu/disney_data/disney_sample/Cax_train6055.jpg,toy_story
/home/ubuntu/disney_data/disney_sample/Cax_train349.jpg,baloo
/home/ubuntu/disney_data/disney_sample/Cax_train124.jpg,baloo
/home/ubuntu/disney_data/disney_sample/Cax_train6256.jpg,toy_story
/home/ubuntu/disney_data/disney_sample/Cax_train6519.jpg,winnie
/home/ubuntu/disney_data/disney_sample/Cax_train6070.jpg,toy_story
/home/ubuntu/disney_data/disney_sample/Cax_train6644.jpg,winnie
/home/ubuntu/disney_data/disney_sample/Cax_train140.jpg,baloo
/home/ubuntu/disney_data/disney_sample/Cax_train4145.jpg,mickey
/home/ubuntu/disney_data/disney_sample/Cax_train2662.jpg,goofy
/home/ubuntu/disney_data/disney_sample/Cax_train4120.jpg,mickey
/home/ubuntu/disney_data/disney_sample/Cax_train6238.jpg,toy_story
/home/ubuntu/disney_data/disney_sample/Cax_train6029.jpg,toy_story
/home/ubuntu/disney_data/disney_sample/Cax_train6090.jpg,toy_story
/home/ubuntu/disney_data/disney_sample/Cax_train6672.jpg,winnie
/home/ubuntu/disney_data/disney_sample/Cax_train2731.jpg,goofy
/home/ubuntu/disney_data/disney_sample/Cax_train268.jpg,baloo
/home/ubuntu/disney_data/disney_sample/Cax_train318.jpg,baloo
/home/ubuntu/disney_data/disney_sample/Cax_train2667.jpg,goofy
/home/ubuntu/disney_data/disney_sample/Cax_train6563.jpg,winnie
/home/ubuntu/disney_data/disney_sample/Cax_train6147.jpg,toy_story
/home/ubuntu/disney_data/disney_sample/Cax_train6195.jpg,toy_story
/home/ubuntu/disney_data/disney_sample/Cax_train6078.jpg,toy_story
/home/ubuntu/disney_data/disney_sample/Cax_train2743.jpg,goofy
/home/ubuntu/disney_data/disney_sample/Cax_train207.jpg,baloo
/home/ubuntu/disney_data/disney_sample/Cax_train6635.jpg,winnie
/home/ubuntu/disney_data/disney_sample/Cax_train2808.jpg,goofy
/home/ubuntu/disney_data/disney_sample/Cax_train116.jpg,baloo
/home/ubuntu/disney_data/disney_sample/Cax_train2780.jpg,goofy
/home/ubuntu/disney_data/disney_sample/Cax_train2860.jpg,goofy
/home/ubuntu/disney_data/disney_sample/Cax_train6574.jpg,winnie
/home/ubuntu/disney_data/disney_sample/Cax_train176.jpg,baloo
/home/ubuntu/disney_data/disney_sample/Cax_train6179.jpg,toy_story
/home/ubuntu/disney_data/disney_sample/Cax_train4098.jpg,mickey
/home/ubuntu/disney_data/disney_sample/Cax_train6143.jpg,toy_story
/home/ubuntu/disney_data/disney_sample/Cax_train264.jpg,baloo
/home/ubuntu/disney_data/disney_sample/Cax_train2775.jpg,goofy
/home/ubuntu/disney_data/disney_sample/Cax_train2679.jpg,goofy
/home/ubuntu/disney_data/disney_sample/Cax_train2826.jpg,goofy
/home/ubuntu/disney_data/disney_sample/Cax_train6509.jpg,winnie
/home/ubuntu/disney_data/disney_sample/Cax_train2738.jpg,goofy
/home/ubuntu/disney_data/disney_sample/Cax_train2880.jpg,goofy
/home/ubuntu/disney_data/disney_sample/Cax_train168.jpg,baloo
/home/ubuntu/disney_data/disney_sample/Cax_train6121.jpg,toy_story
/home/ubuntu/disney_data/disney_sample/Cax_train2708.jpg,goofy
/home/ubuntu/disney_data/disney_sample/Cax_train287.jpg,baloo
/home/ubuntu/disney_data/disney_sample/Cax_train201.jpg,baloo
/home/ubuntu/disney_data/disney_sample/Cax_train2815.jpg,goofy
/home/ubuntu/disney_data/disney_sample/Cax_train2862.jpg,goofy
/home/ubuntu/disney_data/disney_sample/Cax_train6513.jpg,winnie
/home/ubuntu/disney_data/disney_sample/Cax_train355.jpg,baloo
/home/ubuntu/disney_data/disney_sample/Cax_train2721.jpg,goofy
/home/ubuntu/disney_data/disney_sample/Cax_train6128.jpg,toy_story
/home/ubuntu/disney_data/disney_sample/Cax_train146.jpg,baloo
/home/ubuntu/disney_data/disney_sample/Cax_train6502.jpg,winnie
/home/ubuntu/disney_data/disney_sample/Cax_train272.jpg,baloo
/home/ubuntu/disney_data/disney_sample/Cax_train319.jpg,baloo
/home/ubuntu/disney_data/disney_sample/Cax_train6500.jpg,winnie
/home/ubuntu/disney_data/disney_sample/Cax_train4096.jpg,mickey
/home/ubuntu/disney_data/disney_sample/Cax_train6193.jpg,toy_story
/home/ubuntu/disney_data/disney_sample/Cax_train6576.jpg,winnie
/home/ubuntu/disney_data/disney_sample/Cax_train275.jpg,baloo
/home/ubuntu/disney_data/disney_sample/Cax_train6236.jpg,toy_story
/home/ubuntu/disney_data/disney_sample/Cax_train6608.jpg,winnie
/home/ubuntu/disney_data/disney_sample/Cax_train6642.jpg,winnie
/home/ubuntu/disney_data/disney_sample/Cax_train6671.jpg,winnie
/home/ubuntu/disney_data/disney_sample/Cax_train6117.jpg,toy_story
/home/ubuntu/disney_data/disney_sample/Cax_train4059.jpg,mickey
/home/ubuntu/disney_data/disney_sample/Cax_train4128.jpg,mickey
/home/ubuntu/disney_data/disney_sample/Cax_train6228.jpg,toy_story
/home/ubuntu/disney_data/disney_sample/Cax_train6224.jpg,toy_story
/home/ubuntu/disney_data/disney_sample/Cax_train6602.jpg,winnie
/home/ubuntu/disney_data/disney_sample/Cax_train266.jpg,baloo
/home/ubuntu/disney_data/disney_sample/Cax_train6677.jpg,winnie
/home/ubuntu/disney_data/disney_sample/Cax_train292.jpg,baloo
/home/ubuntu/disney_data/disney_sample/Cax_train223.jpg,baloo
/home/ubuntu/disney_data/disney_sample/Cax_train4152.jpg,mickey
/home/ubuntu/disney_data/disney_sample/Cax_train4086.jpg,mickey
/home/ubuntu/disney_data/disney_sample/Cax_train6223.jpg,toy_story
/home/ubuntu/disney_data/disney_sample/Cax_train228.jpg,baloo
/home/ubuntu/disney_data/disney_sample/Cax_train2847.jpg,goofy
/home/ubuntu/disney_data/disney_sample/Cax_train4134.jpg,mickey
/home/ubuntu/disney_data/disney_sample/Cax_train6554.jpg,winnie
/home/ubuntu/disney_data/disney_sample/Cax_train4078.jpg,mickey
/home/ubuntu/disney_data/disney_sample/Cax_train6150.jpg,toy_story
/home/ubuntu/disney_data/disney_sample/Cax_train2696.jpg,goofy
/home/ubuntu/disney_data/disney_sample/Cax_train4087.jpg,mickey
/home/ubuntu/disney_data/disney_sample/Cax_train4066.jpg,mickey
/home/ubuntu/disney_data/disney_sample/Cax_train6655.jpg,winnie
/home/ubuntu/disney_data/disney_sample/Cax_train6019.jpg,toy_story
/home/ubuntu/disney_data/disney_sample/Cax_train2747.jpg,goofy
/home/ubuntu/disney_data/disney_sample/Cax_train314.jpg,baloo
/home/ubuntu/disney_data/disney_sample/Cax_train4052.jpg,mickey
/home/ubuntu/disney_data/disney_sample/Cax_train2757.jpg,goofy
/home/ubuntu/disney_data/disney_sample/Cax_train2745.jpg,goofy
/home/ubuntu/disney_data/disney_sample/Cax_train6643.jpg,winnie
/home/ubuntu/disney_data/disney_sample/Cax_train290.jpg,baloo
/home/ubuntu/disney_data/disney_sample/Cax_train6633.jpg,winnie
/home/ubuntu/disney_data/disney_sample/Cax_train6611.jpg,winnie
/home/ubuntu/disney_data/disney_sample/Cax_train6058.jpg,toy_story
/home/ubuntu/disney_data/disney_sample/Cax_train6226.jpg,toy_story
/home/ubuntu/disney_data/disney_sample/Cax_train6621.jpg,winnie
/home/ubuntu/disney_data/disney_sample/Cax_train6555.jpg,winnie
/home/ubuntu/disney_data/disney_sample/Cax_train4107.jpg,mickey
/home/ubuntu/disney_data/disney_sample/Cax_train2805.jpg,goofy
/home/ubuntu/disney_data/disney_sample/Cax_train6566.jpg,winnie
/home/ubuntu/disney_data/disney_sample/Cax_train2849.jpg,goofy
/home/ubuntu/disney_data/disney_sample/Cax_train6258.jpg,toy_story
/home/ubuntu/disney_data/disney_sample/Cax_train6527.jpg,winnie
/home/ubuntu/disney_data/disney_sample/Cax_train6186.jpg,toy_story
/home/ubuntu/disney_data/disney_sample/Cax_train276.jpg,baloo
/home/ubuntu/disney_data/disney_sample/Cax_train2736.jpg,goofy
/home/ubuntu/disney_data/disney_sample/Cax_train195.jpg,baloo
/home/ubuntu/disney_data/disney_sample/Cax_train6493.jpg,winnie
/home/ubuntu/disney_data/disney_sample/Cax_train6497.jpg,winnie
/home/ubuntu/disney_data/disney_sample/Cax_train6255.jpg,toy_story
/home/ubuntu/disney_data/disney_sample/Cax_train354.jpg,baloo
/home/ubuntu/disney_data/disney_sample/Cax_train6026.jpg,toy_story
/home/ubuntu/disney_data/disney_sample/Cax_train2872.jpg,goofy
/home/ubuntu/disney_data/disney_sample/Cax_train217.jpg,baloo
/home/ubuntu/disney_data/disney_sample/Cax_train6538.jpg,winnie
/home/ubuntu/disney_data/disney_sample/Cax_train2742.jpg,goofy
/home/ubuntu/disney_data/disney_sample/Cax_train6201.jpg,toy_story
/home/ubuntu/disney_data/disney_sample/Cax_train6638.jpg,winnie
/home/ubuntu/disney_data/disney_sample/Cax_train299.jpg,baloo
/home/ubuntu/disney_data/disney_sample/Cax_train2703.jpg,goofy
/home/ubuntu/disney_data/disney_sample/Cax_train2812.jpg,goofy
/home/ubuntu/disney_data/disney_sample/Cax_train6115.jpg,toy_story
/home/ubuntu/disney_data/disney_sample/Cax_train2669.jpg,goofy
/home/ubuntu/disney_data/disney_sample/Cax_train293.jpg,baloo
/home/ubuntu/disney_data/disney_sample/Cax_train2841.jpg,goofy
/home/ubuntu/disney_data/disney_sample/Cax_train2710.jpg,goofy
/home/ubuntu/disney_data/disney_sample/Cax_train340.jpg,baloo
/home/ubuntu/disney_data/disney_sample/Cax_train119.jpg,baloo
/home/ubuntu/disney_data/disney_sample/Cax_train242.jpg,baloo
/home/ubuntu/disney_data/disney_sample/Cax_train6515.jpg,winnie
/home/ubuntu/disney_data/disney_sample/Cax_train6494.jpg,winnie
/home/ubuntu/disney_data/disney_sample/Cax_train2689.jpg,goofy
/home/ubuntu/disney_data/disney_sample/Cax_train6099.jpg,toy_story
/home/ubuntu/disney_data/disney_sample/Cax_train243.jpg,baloo
/home/ubuntu/disney_data/disney_sample/Cax_train2829.jpg,goofy
/home/ubuntu/disney_data/disney_sample/Cax_train2713.jpg,goofy
/home/ubuntu/disney_data/disney_sample/Cax_train143.jpg,baloo
/home/ubuntu/disney_data/disney_sample/Cax_train6042.jpg,toy_story
/home/ubuntu/disney_data/disney_sample/Cax_train2690.jpg,goofy
/home/ubuntu/disney_data/disney_sample/Cax_train4097.jpg,mickey
/home/ubuntu/disney_data/disney_sample/Cax_train6148.jpg,toy_story
/home/ubuntu/disney_data/disney_sample/Cax_train6637.jpg,winnie
/home/ubuntu/disney_data/disney_sample/Cax_train6097.jpg,toy_story
/home/ubuntu/disney_data/disney_sample/Cax_train6191.jpg,toy_story
/home/ubuntu/disney_data/disney_sample/Cax_train4165.jpg,mickey
/home/ubuntu/disney_data/disney_sample/Cax_train4112.jpg,mickey
/home/ubuntu/disney_data/disney_sample/Cax_train2833.jpg,goofy
/home/ubuntu/disney_data/disney_sample/Cax_train2827.jpg,goofy
/home/ubuntu/disney_data/disney_sample/Cax_train6209.jpg,toy_story
/home/ubuntu/disney_data/disney_sample/Cax_train2772.jpg,goofy
/home/ubuntu/disney_data/disney_sample/Cax_train6200.jpg,toy_story
/home/ubuntu/disney_data/disney_sample/Cax_train281.jpg,baloo
/home/ubuntu/disney_data/disney_sample/Cax_train6615.jpg,winnie
/home/ubuntu/disney_data/disney_sample/Cax_train2865.jpg,goofy
/home/ubuntu/disney_data/disney_sample/Cax_train6110.jpg,toy_story
/home/ubuntu/disney_data/disney_sample/Cax_train353.jpg,baloo
/home/ubuntu/disney_data/disney_sample/Cax_train187.jpg,baloo
/home/ubuntu/disney_data/disney_sample/Cax_train2842.jpg,goofy
/home/ubuntu/disney_data/disney_sample/Cax_train305.jpg,baloo
/home/ubuntu/disney_data/disney_sample/Cax_train192.jpg,baloo
/home/ubuntu/disney_data/disney_sample/Cax_train6197.jpg,toy_story
/home/ubuntu/disney_data/disney_sample/Cax_train6540.jpg,winnie
/home/ubuntu/disney_data/disney_sample/Cax_train4046.jpg,mickey
/home/ubuntu/disney_data/disney_sample/Cax_train137.jpg,baloo
/home/ubuntu/disney_data/disney_sample/Cax_train6225.jpg,toy_story
/home/ubuntu/disney_data/disney_sample/Cax_train4158.jpg,mickey
/home/ubuntu/disney_data/disney_sample/Cax_train221.jpg,baloo
/home/ubuntu/disney_data/disney_sample/Cax_train6504.jpg,winnie
/home/ubuntu/disney_data/disney_sample/Cax_train2659.jpg,goofy
/home/ubuntu/disney_data/disney_sample/Cax_train163.jpg,baloo
/home/ubuntu/disney_data/disney_sample/Cax_train283.jpg,baloo
/home/ubuntu/disney_data/disney_sample/Cax_train2877.jpg,goofy
/home/ubuntu/disney_data/disney_sample/Cax_train2670.jpg,goofy
/home/ubuntu/disney_data/disney_sample/Cax_train196.jpg,baloo
/home/ubuntu/disney_data/disney_sample/Cax_train337.jpg,baloo
/home/ubuntu/disney_data/disney_sample/Cax_train205.jpg,baloo
/home/ubuntu/disney_data/disney_sample/Cax_train2809.jpg,goofy
/home/ubuntu/disney_data/disney_sample/Cax_train2871.jpg,goofy
/home/ubuntu/disney_data/disney_sample/Cax_train2831.jpg,goofy
/home/ubuntu/disney_data/disney_sample/Cax_train2760.jpg,goofy
/home/ubuntu/disney_data/disney_sample/Cax_train157.jpg,baloo
/home/ubuntu/disney_data/disney_sample/Cax_train347.jpg,baloo
/home/ubuntu/disney_data/disney_sample/Cax_train2787.jpg,goofy
/home/ubuntu/disney_data/disney_sample/Cax_train6640.jpg,winnie
/home/ubuntu/disney_data/disney_sample/Cax_train4090.jpg,mickey
/home/ubuntu/disney_data/disney_sample/Cax_train4042.jpg,mickey
/home/ubuntu/disney_data/disney_sample/Cax_train231.jpg,baloo
/home/ubuntu/disney_data/disney_sample/Cax_train350.jpg,baloo
/home/ubuntu/disney_data/disney_sample/Cax_train6155.jpg,toy_story
/home/ubuntu/disney_data/disney_sample/Cax_train6184.jpg,toy_story
/home/ubuntu/disney_data/disney_sample/Cax_train6657.jpg,winnie
/home/ubuntu/disney_data/disney_sample/Cax_train6017.jpg,toy_story
/home/ubuntu/disney_data/disney_sample/Cax_train145.jpg,baloo
/home/ubuntu/disney_data/disney_sample/Cax_train6525.jpg,winnie
/home/ubuntu/disney_data/disney_sample/Cax_train6057.jpg,toy_story
/home/ubuntu/disney_data/disney_sample/Cax_train6013.jpg,toy_story
/home/ubuntu/disney_data/disney_sample/Cax_train6560.jpg,winnie
/home/ubuntu/disney_data/disney_sample/Cax_train262.jpg,baloo
/home/ubuntu/disney_data/disney_sample/Cax_train167.jpg,baloo
/home/ubuntu/disney_data/disney_sample/Cax_train6537.jpg,winnie
/home/ubuntu/disney_data/disney_sample/Cax_train6531.jpg,winnie
/home/ubuntu/disney_data/disney_sample/Cax_train6079.jpg,toy_story
/home/ubuntu/disney_data/disney_sample/Cax_train6249.jpg,toy_story
/home/ubuntu/disney_data/disney_sample/Cax_train2729.jpg,goofy
/home/ubuntu/disney_data/disney_sample/Cax_train177.jpg,baloo
/home/ubuntu/disney_data/disney_sample/Cax_train6625.jpg,winnie
/home/ubuntu/disney_data/disney_sample/Cax_train298.jpg,baloo
/home/ubuntu/disney_data/disney_sample/Cax_train6037.jpg,toy_story
/home/ubuntu/disney_data/disney_sample/Cax_train6609.jpg,winnie
/home/ubuntu/disney_data/disney_sample/Cax_train2648.jpg,goofy
/home/ubuntu/disney_data/disney_sample/Cax_train2875.jpg,goofy
/home/ubuntu/disney_data/disney_sample/Cax_train6075.jpg,toy_story
/home/ubuntu/disney_data/disney_sample/Cax_train6151.jpg,toy_story
/home/ubuntu/disney_data/disney_sample/Cax_train6028.jpg,toy_story
/home/ubuntu/disney_data/disney_sample/Cax_train6082.jpg,toy_story
/home/ubuntu/disney_data/disney_sample/Cax_train6244.jpg,toy_story
/home/ubuntu/disney_data/disney_sample/Cax_train6141.jpg,toy_story
/home/ubuntu/disney_data/disney_sample/Cax_train2867.jpg,goofy
/home/ubuntu/disney_data/disney_sample/Cax_train6541.jpg,winnie
/home/ubuntu/disney_data/disney_sample/Cax_train301.jpg,baloo
/home/ubuntu/disney_data/disney_sample/Cax_train2770.jpg,goofy
/home/ubuntu/disney_data/disney_sample/Cax_train4142.jpg,mickey
/home/ubuntu/disney_data/disney_sample/Cax_train2834.jpg,goofy
/home/ubuntu/disney_data/disney_sample/Cax_train6567.jpg,winnie
/home/ubuntu/disney_data/disney_sample/Cax_train249.jpg,baloo
/home/ubuntu/disney_data/disney_sample/Cax_train2653.jpg,goofy
/home/ubuntu/disney_data/disney_sample/Cax_train182.jpg,baloo
/home/ubuntu/disney_data/disney_sample/Cax_train6570.jpg,winnie
/home/ubuntu/disney_data/disney_sample/Cax_train2751.jpg,goofy
/home/ubuntu/disney_data/disney_sample/Cax_train6514.jpg,winnie
/home/ubuntu/disney_data/disney_sample/Cax_train6089.jpg,toy_story
/home/ubuntu/disney_data/disney_sample/Cax_train6122.jpg,toy_story
/home/ubuntu/disney_data/disney_sample/Cax_train4127.jpg,mickey
/home/ubuntu/disney_data/disney_sample/Cax_train6688.jpg,winnie
/home/ubuntu/disney_data/disney_sample/Cax_train6031.jpg,toy_story
/home/ubuntu/disney_data/disney_sample/Cax_train6617.jpg,winnie
/home/ubuntu/disney_data/disney_sample/Cax_train2723.jpg,goofy
/home/ubuntu/disney_data/disney_sample/Cax_train330.jpg,baloo
/home/ubuntu/disney_data/disney_sample/Cax_train2845.jpg,goofy
/home/ubuntu/disney_data/disney_sample/Cax_train2887.jpg,goofy
/home/ubuntu/disney_data/disney_sample/Cax_train6149.jpg,toy_story
/home/ubuntu/disney_data/disney_sample/Cax_train6106.jpg,toy_story
/home/ubuntu/disney_data/disney_sample/Cax_train6620.jpg,winnie
/home/ubuntu/disney_data/disney_sample/Cax_train6016.jpg,toy_story
/home/ubuntu/disney_data/disney_sample/Cax_train4091.jpg,mickey
/home/ubuntu/disney_data/disney_sample/Cax_train6040.jpg,toy_story
/home/ubuntu/disney_data/disney_sample/Cax_train6547.jpg,winnie
/home/ubuntu/disney_data/disney_sample/Cax_train6203.jpg,toy_story
/home/ubuntu/disney_data/disney_sample/Cax_train130.jpg,baloo
/home/ubuntu/disney_data/disney_sample/Cax_train6607.jpg,winnie
/home/ubuntu/disney_data/disney_sample/Cax_train2684.jpg,goofy
/home/ubuntu/disney_data/disney_sample/Cax_train2694.jpg,goofy
/home/ubuntu/disney_data/disney_sample/Cax_train2838.jpg,goofy
/home/ubuntu/disney_data/disney_sample/Cax_train6656.jpg,winnie
/home/ubuntu/disney_data/disney_sample/Cax_train6553.jpg,winnie
/home/ubuntu/disney_data/disney_sample/Cax_train6207.jpg,toy_story
/home/ubuntu/disney_data/disney_sample/Cax_train6049.jpg,toy_story
/home/ubuntu/disney_data/disney_sample/Cax_train132.jpg,baloo
/home/ubuntu/disney_data/disney_sample/Cax_train244.jpg,baloo
/home/ubuntu/disney_data/disney_sample/Cax_train6529.jpg,winnie
/home/ubuntu/disney_data/disney_sample/Cax_train6692.jpg,winnie
/home/ubuntu/disney_data/disney_sample/Cax_train160.jpg,baloo
/home/ubuntu/disney_data/disney_sample/Cax_train144.jpg,baloo
/home/ubuntu/disney_data/disney_sample/Cax_train2819.jpg,goofy
/home/ubuntu/disney_data/disney_sample/Cax_train2792.jpg,goofy
/home/ubuntu/disney_data/disney_sample/Cax_train204.jpg,baloo
/home/ubuntu/disney_data/disney_sample/Cax_train6551.jpg,winnie
/home/ubuntu/disney_data/disney_sample/Cax_train166.jpg,baloo
/home/ubuntu/disney_data/disney_sample/Cax_train6589.jpg,winnie
/home/ubuntu/disney_data/disney_sample/Cax_train120.jpg,baloo
/home/ubuntu/disney_data/disney_sample/Cax_train6062.jpg,toy_story
/home/ubuntu/disney_data/disney_sample/Cax_train6113.jpg,toy_story
/home/ubuntu/disney_data/disney_sample/Cax_train6035.jpg,toy_story
/home/ubuntu/disney_data/disney_sample/Cax_train6658.jpg,winnie
/home/ubuntu/disney_data/disney_sample/Cax_train6517.jpg,winnie
/home/ubuntu/disney_data/disney_sample/Cax_train6653.jpg,winnie
/home/ubuntu/disney_data/disney_sample/Cax_train6176.jpg,toy_story
/home/ubuntu/disney_data/disney_sample/Cax_train162.jpg,baloo
/home/ubuntu/disney_data/disney_sample/Cax_train6127.jpg,toy_story
/home/ubuntu/disney_data/disney_sample/Cax_train6021.jpg,toy_story
/home/ubuntu/disney_data/disney_sample/Cax_train6167.jpg,toy_story
/home/ubuntu/disney_data/disney_sample/Cax_train6137.jpg,toy_story
/home/ubuntu/disney_data/disney_sample/Cax_train2773.jpg,goofy
/home/ubuntu/disney_data/disney_sample/Cax_train6215.jpg,toy_story
/home/ubuntu/disney_data/disney_sample/Cax_train6539.jpg,winnie
/home/ubuntu/disney_data/disney_sample/Cax_train6087.jpg,toy_story
/home/ubuntu/disney_data/disney_sample/Cax_train2782.jpg,goofy
/home/ubuntu/disney_data/disney_sample/Cax_train6230.jpg,toy_story
/home/ubuntu/disney_data/disney_sample/Cax_train267.jpg,baloo
/home/ubuntu/disney_data/disney_sample/Cax_train6160.jpg,toy_story
/home/ubuntu/disney_data/disney_sample/Cax_train282.jpg,baloo
/home/ubuntu/disney_data/disney_sample/Cax_train6648.jpg,winnie
/home/ubuntu/disney_data/disney_sample/Cax_train155.jpg,baloo
/home/ubuntu/disney_data/disney_sample/Cax_train342.jpg,baloo
/home/ubuntu/disney_data/disney_sample/Cax_train2893.jpg,goofy
/home/ubuntu/disney_data/disney_sample/Cax_train296.jpg,baloo
/home/ubuntu/disney_data/disney_sample/Cax_train215.jpg,baloo
/home/ubuntu/disney_data/disney_sample/Cax_train203.jpg,baloo
/home/ubuntu/disney_data/disney_sample/Cax_train2811.jpg,goofy
/home/ubuntu/disney_data/disney_sample/Cax_train6053.jpg,toy_story
/home/ubuntu/disney_data/disney_sample/Cax_train4053.jpg,mickey
/home/ubuntu/disney_data/disney_sample/Cax_train6507.jpg,winnie
/home/ubuntu/disney_data/disney_sample/Cax_train6036.jpg,toy_story
/home/ubuntu/disney_data/disney_sample/Cax_train2789.jpg,goofy
/home/ubuntu/disney_data/disney_sample/Cax_train6618.jpg,winnie
/home/ubuntu/disney_data/disney_sample/Cax_train6639.jpg,winnie
/home/ubuntu/disney_data/disney_sample/Cax_train4121.jpg,mickey
/home/ubuntu/disney_data/disney_sample/Cax_train2739.jpg,goofy
/home/ubuntu/disney_data/disney_sample/Cax_train2856.jpg,goofy
/home/ubuntu/disney_data/disney_sample/Cax_train6599.jpg,winnie
/home/ubuntu/disney_data/disney_sample/Cax_train6498.jpg,winnie
/home/ubuntu/disney_data/disney_sample/Cax_train6063.jpg,toy_story
/home/ubuntu/disney_data/disney_sample/Cax_train2673.jpg,goofy
/home/ubuntu/disney_data/disney_sample/Cax_train4081.jpg,mickey
/home/ubuntu/disney_data/disney_sample/Cax_train6647.jpg,winnie
/home/ubuntu/disney_data/disney_sample/Cax_train2836.jpg,goofy
/home/ubuntu/disney_data/disney_sample/Cax_train6183.jpg,toy_story
/home/ubuntu/disney_data/disney_sample/Cax_train2730.jpg,goofy
/home/ubuntu/disney_data/disney_sample/Cax_train6593.jpg,winnie
/home/ubuntu/disney_data/disney_sample/Cax_train6578.jpg,winnie
/home/ubuntu/disney_data/disney_sample/Cax_train2778.jpg,goofy
/home/ubuntu/disney_data/disney_sample/Cax_train6629.jpg,winnie
/home/ubuntu/disney_data/disney_sample/Cax_train6188.jpg,toy_story
/home/ubuntu/disney_data/disney_sample/Cax_train4109.jpg,mickey
/home/ubuntu/disney_data/disney_sample/Cax_train4123.jpg,mickey
/home/ubuntu/disney_data/disney_sample/Cax_train2890.jpg,goofy
/home/ubuntu/disney_data/disney_sample/Cax_train6628.jpg,winnie
/home/ubuntu/disney_data/disney_sample/Cax_train2768.jpg,goofy
/home/ubuntu/disney_data/disney_sample/Cax_train6234.jpg,toy_story
/home/ubuntu/disney_data/disney_sample/Cax_train6233.jpg,toy_story
/home/ubuntu/disney_data/disney_sample/Cax_train2854.jpg,goofy
/home/ubuntu/disney_data/disney_sample/Cax_train2664.jpg,goofy
/home/ubuntu/disney_data/disney_sample/Cax_train4041.jpg,mickey
/home/ubuntu/disney_data/disney_sample/Cax_train2650.jpg,goofy
/home/ubuntu/disney_data/disney_sample/Cax_train6542.jpg,winnie
/home/ubuntu/disney_data/disney_sample/Cax_train6533.jpg,winnie
/home/ubuntu/disney_data/disney_sample/Cax_train2870.jpg,goofy
/home/ubuntu/disney_data/disney_sample/Cax_train2820.jpg,goofy
/home/ubuntu/disney_data/disney_sample/Cax_train6192.jpg,toy_story
/home/ubuntu/disney_data/disney_sample/Cax_train118.jpg,baloo
/home/ubuntu/disney_data/disney_sample/Cax_train2885.jpg,goofy
/home/ubuntu/disney_data/disney_sample/Cax_train344.jpg,baloo
/home/ubuntu/disney_data/disney_sample/Cax_train6112.jpg,toy_story
/home/ubuntu/disney_data/disney_sample/Cax_train2816.jpg,goofy
/home/ubuntu/disney_data/disney_sample/Cax_train261.jpg,baloo
/home/ubuntu/disney_data/disney_sample/Cax_train6227.jpg,toy_story
/home/ubuntu/disney_data/disney_sample/Cax_train4103.jpg,mickey
/home/ubuntu/disney_data/disney_sample/Cax_train6571.jpg,winnie
/home/ubuntu/disney_data/disney_sample/Cax_train6674.jpg,winnie
/home/ubuntu/disney_data/disney_sample/Cax_train6585.jpg,winnie
/home/ubuntu/disney_data/disney_sample/Cax_train252.jpg,baloo
/home/ubuntu/disney_data/disney_sample/Cax_train6579.jpg,winnie
/home/ubuntu/disney_data/disney_sample/Cax_train172.jpg,baloo
/home/ubuntu/disney_data/disney_sample/Cax_train2686.jpg,goofy
/home/ubuntu/disney_data/disney_sample/Cax_train2769.jpg,goofy
/home/ubuntu/disney_data/disney_sample/Cax_train6663.jpg,winnie
/home/ubuntu/disney_data/disney_sample/Cax_train6242.jpg,toy_story
/home/ubuntu/disney_data/disney_sample/Cax_train6689.jpg,winnie
/home/ubuntu/disney_data/disney_sample/Cax_train6025.jpg,toy_story
/home/ubuntu/disney_data/disney_sample/Cax_train4106.jpg,mickey
/home/ubuntu/disney_data/disney_sample/Cax_train165.jpg,baloo
/home/ubuntu/disney_data/disney_sample/Cax_train6584.jpg,winnie
/home/ubuntu/disney_data/disney_sample/Cax_train6044.jpg,toy_story
/home/ubuntu/disney_data/disney_sample/Cax_train2675.jpg,goofy
/home/ubuntu/disney_data/disney_sample/Cax_train2817.jpg,goofy
/home/ubuntu/disney_data/disney_sample/Cax_train2749.jpg,goofy
/home/ubuntu/disney_data/disney_sample/Cax_train6623.jpg,winnie
/home/ubuntu/disney_data/disney_sample/Cax_train2835.jpg,goofy
/home/ubuntu/disney_data/disney_sample/Cax_train6534.jpg,winnie
/home/ubuntu/disney_data/disney_sample/Cax_train173.jpg,baloo
/home/ubuntu/disney_data/disney_sample/Cax_train181.jpg,baloo
/home/ubuntu/disney_data/disney_sample/Cax_train6056.jpg,toy_story
/home/ubuntu/disney_data/disney_sample/Cax_train2658.jpg,goofy
/home/ubuntu/disney_data/disney_sample/Cax_train339.jpg,baloo
/home/ubuntu/disney_data/disney_sample/Cax_train320.jpg,baloo
/home/ubuntu/disney_data/disney_sample/Cax_train6102.jpg,toy_story
/home/ubuntu/disney_data/disney_sample/Cax_train2691.jpg,goofy
/home/ubuntu/disney_data/disney_sample/Cax_train2693.jpg,goofy
/home/ubuntu/disney_data/disney_sample/Cax_train6557.jpg,winnie
/home/ubuntu/disney_data/disney_sample/Cax_train280.jpg,baloo
/home/ubuntu/disney_data/disney_sample/Cax_train2737.jpg,goofy
/home/ubuntu/disney_data/disney_sample/Cax_train2725.jpg,goofy
/home/ubuntu/disney_data/disney_sample/Cax_train6659.jpg,winnie
/home/ubuntu/disney_data/disney_sample/Cax_train6595.jpg,winnie
/home/ubuntu/disney_data/disney_sample/Cax_train6198.jpg,toy_story
/home/ubuntu/disney_data/disney_sample/Cax_train6212.jpg,toy_story
/home/ubuntu/disney_data/disney_sample/Cax_train135.jpg,baloo
/home/ubuntu/disney_data/disney_sample/Cax_train200.jpg,baloo
/home/ubuntu/disney_data/disney_sample/Cax_train6015.jpg,toy_story
/home/ubuntu/disney_data/disney_sample/Cax_train6237.jpg,toy_story
/home/ubuntu/disney_data/disney_sample/Cax_train4057.jpg,mickey
/home/ubuntu/disney_data/disney_sample/Cax_train4079.jpg,mickey
/home/ubuntu/disney_data/disney_sample/Cax_train6146.jpg,toy_story
/home/ubuntu/disney_data/disney_sample/Cax_train2681.jpg,goofy
/home/ubuntu/disney_data/disney_sample/Cax_train6627.jpg,winnie
/home/ubuntu/disney_data/disney_sample/Cax_train6651.jpg,winnie
/home/ubuntu/disney_data/disney_sample/Cax_train4054.jpg,mickey
/home/ubuntu/disney_data/disney_sample/Cax_train4065.jpg,mickey
/home/ubuntu/disney_data/disney_sample/Cax_train2701.jpg,goofy
/home/ubuntu/disney_data/disney_sample/Cax_train6678.jpg,winnie
/home/ubuntu/disney_data/disney_sample/Cax_train6521.jpg,winnie
/home/ubuntu/disney_data/disney_sample/Cax_train6107.jpg,toy_story
/home/ubuntu/disney_data/disney_sample/Cax_train2758.jpg,goofy
/home/ubuntu/disney_data/disney_sample/Cax_train258.jpg,baloo
/home/ubuntu/disney_data/disney_sample/Cax_train2732.jpg,goofy
/home/ubuntu/disney_data/disney_sample/Cax_train4045.jpg,mickey
/home/ubuntu/disney_data/disney_sample/Cax_train4117.jpg,mickey
/home/ubuntu/disney_data/disney_sample/Cax_train6126.jpg,toy_story
/home/ubuntu/disney_data/disney_sample/Cax_train2797.jpg,goofy
/home/ubuntu/disney_data/disney_sample/Cax_train6505.jpg,winnie
/home/ubuntu/disney_data/disney_sample/Cax_train153.jpg,baloo
/home/ubuntu/disney_data/disney_sample/Cax_train4101.jpg,mickey
/home/ubuntu/disney_data/disney_sample/Cax_train324.jpg,baloo
/home/ubuntu/disney_data/disney_sample/Cax_train4130.jpg,mickey
/home/ubuntu/disney_data/disney_sample/Cax_train230.jpg,baloo
/home/ubuntu/disney_data/disney_sample/Cax_train2868.jpg,goofy
/home/ubuntu/disney_data/disney_sample/Cax_train227.jpg,baloo
/home/ubuntu/disney_data/disney_sample/Cax_train6664.jpg,winnie
/home/ubuntu/disney_data/disney_sample/Cax_train6532.jpg,winnie
/home/ubuntu/disney_data/disney_sample/Cax_train6108.jpg,toy_story
/home/ubuntu/disney_data/disney_sample/Cax_train2795.jpg,goofy
/home/ubuntu/disney_data/disney_sample/Cax_train2801.jpg,goofy
/home/ubuntu/disney_data/disney_sample/Cax_train220.jpg,baloo
/home/ubuntu/disney_data/disney_sample/Cax_train2722.jpg,goofy
/home/ubuntu/disney_data/disney_sample/Cax_train6077.jpg,toy_story
/home/ubuntu/disney_data/disney_sample/Cax_train2798.jpg,goofy
/home/ubuntu/disney_data/disney_sample/Cax_train6096.jpg,toy_story
/home/ubuntu/disney_data/disney_sample/Cax_train2855.jpg,goofy
/home/ubuntu/disney_data/disney_sample/Cax_train4085.jpg,mickey
/home/ubuntu/disney_data/disney_sample/Cax_train6182.jpg,toy_story
/home/ubuntu/disney_data/disney_sample/Cax_train6093.jpg,toy_story
/home/ubuntu/disney_data/disney_sample/Cax_train6168.jpg,toy_story
/home/ubuntu/disney_data/disney_sample/Cax_train6158.jpg,toy_story
/home/ubuntu/disney_data/disney_sample/Cax_train4133.jpg,mickey
/home/ubuntu/disney_data/disney_sample/Cax_train4124.jpg,mickey
/home/ubuntu/disney_data/disney_sample/Cax_train246.jpg,baloo
/home/ubuntu/disney_data/disney_sample/Cax_train2763.jpg,goofy
/home/ubuntu/disney_data/disney_sample/Cax_train4051.jpg,mickey
/home/ubuntu/disney_data/disney_sample/Cax_train6616.jpg,winnie
/home/ubuntu/disney_data/disney_sample/Cax_train321.jpg,baloo
/home/ubuntu/disney_data/disney_sample/Cax_train317.jpg,baloo
/home/ubuntu/disney_data/disney_sample/Cax_train346.jpg,baloo
/home/ubuntu/disney_data/disney_sample/Cax_train4104.jpg,mickey
/home/ubuntu/disney_data/disney_sample/Cax_train277.jpg,baloo
/home/ubuntu/disney_data/disney_sample/Cax_train2794.jpg,goofy
/home/ubuntu/disney_data/disney_sample/Cax_train6670.jpg,winnie
/home/ubuntu/disney_data/disney_sample/Cax_train123.jpg,baloo
/home/ubuntu/disney_data/disney_sample/Cax_train6496.jpg,winnie
/home/ubuntu/disney_data/disney_sample/Cax_train6550.jpg,winnie
/home/ubuntu/disney_data/disney_sample/Cax_train170.jpg,baloo
/home/ubuntu/disney_data/disney_sample/Cax_train2755.jpg,goofy
/home/ubuntu/disney_data/disney_sample/Cax_train6164.jpg,toy_story
/home/ubuntu/disney_data/disney_sample/Cax_train6622.jpg,winnie
/home/ubuntu/disney_data/disney_sample/Cax_train343.jpg,baloo
/home/ubuntu/disney_data/disney_sample/Cax_train6153.jpg,toy_story
/home/ubuntu/disney_data/disney_sample/Cax_train334.jpg,baloo
/home/ubuntu/disney_data/disney_sample/Cax_train229.jpg,baloo
/home/ubuntu/disney_data/disney_sample/Cax_train6675.jpg,winnie
